emitida,alvo,regua_base,media_1h,pior_1h
2026-10-06T19:45,2026-10-06T20:45,3.140,3.068,3.381
2026-10-06T19:50,2026-10-06T20:50,3.095,3.027,3.369
2026-10-06T19:54,2026-10-06T20:54,3.074,3.005,3.367
2026-10-06T20:21,2026-10-06T21:21,3.129,2.982,3.271
2026-10-06T20:57,2026-10-06T21:57,2.959,2.869,3.358
2026-10-06T21:01,2026-10-06T22:01,3.106,2.870,2.870
2026-10-06T21:06,2026-10-06T22:06,3.102,3.021,3.055
2026-10-06T21:12,2026-10-06T22:12,3.075,2.989,3.032
2026-10-06T21:36,2026-10-06T22:36,2.909,2.610,2.610
2026-10-06T21:42,2026-10-06T22:42,3.050,2.911,3.023
2026-10-06T21:45,2026-10-06T22:45,3.030,2.881,2.997
2026-10-06T21:47,2026-10-06T22:47,3.050,2.905,3.025
2026-10-06T21:56,2026-10-06T22:56,3.040,2.950,3.050
2026-10-06T22:05,2026-10-06T23:05,3.010,2.941,2.993
2026-10-06T22:08,2026-10-06T23:08,3.030,2.966,3.025
2026-10-06T22:16,2026-10-06T23:16,3.010,2.918,2.992
2026-10-06T22:20,2026-10-06T23:20,3.020,2.932,3.013
2026-10-06T22:27,2026-10-06T23:27,3.000,2.895,2.989
2026-10-06T22:35,2026-10-06T23:35,2.960,2.838,2.947
2026-10-06T22:37,2026-10-06T23:37,2.960,2.833,2.946
2026-10-06T22:43,2026-10-06T23:43,2.970,2.835,2.960
2026-10-06T22:45,2026-10-06T23:45,2.930,2.768,3.524
2026-10-06T22:54,2026-10-06T23:54,2.940,2.770,2.930
2026-10-06T23:01,2026-10-07T00:01,2.970,2.851,3.011
2026-10-06T23:04,2026-10-07T00:04,2.960,2.833,2.993
2026-10-06T23:08,2026-10-07T00:08,2.930,2.784,2.944
2026-10-06T23:20,2026-10-07T00:20,2.930,2.758,2.918
2026-10-06T23:30,2026-10-07T00:30,2.910,2.682,2.842
2026-10-06T23:40,2026-10-07T00:40,2.890,2.610,2.770
2026-10-06T23:50,2026-10-07T00:50,2.870,2.543,2.674
2026-10-07T00:00,2026-10-07T01:00,2.850,2.663,2.794
2026-10-07T00:10,2026-10-07T01:10,2.820,2.576,2.707
2026-10-07T00:20,2026-10-07T01:20,2.800,2.499,2.630
2026-10-07T00:30,2026-10-07T01:30,2.810,2.427,2.558
2026-10-07T00:40,2026-10-07T01:40,2.770,2.376,2.536
2026-10-07T00:50,2026-10-07T01:50,2.750,2.296,2.456
2026-10-07T01:00,2026-10-07T02:00,2.740,2.456,2.616
2026-10-07T01:11,2026-10-07T02:11,2.700,2.350,2.510
2026-10-07T01:20,2026-10-07T02:20,2.700,2.300,2.460
2026-10-07T01:30,2026-10-07T02:30,2.640,2.171,2.362
2026-10-07T01:40,2026-10-07T02:40,2.650,2.149,2.356
2026-10-07T01:50,2026-10-07T02:50,2.600,2.040,2.253
2026-10-07T02:00,2026-10-07T03:00,2.590,2.271,2.484
2026-10-07T02:09,2026-10-07T03:09,2.580,2.203,2.470
2026-10-07T02:12,2026-10-07T03:12,2.570,2.175,2.420
2026-10-07T02:20,2026-10-07T03:20,2.560,2.115,2.420
2026-10-07T02:30,2026-10-07T03:30,2.540,2.032,2.440
2026-10-07T02:34,2026-10-07T03:34,2.510,1.969,2.340
2026-10-07T02:45,2026-10-07T03:45,2.490,1.879,2.340
2026-10-07T02:55,2026-10-07T03:55,2.460,1.787,2.320
2026-10-07T03:05,2026-10-07T04:05,2.450,2.064,2.368
2026-10-07T03:15,2026-10-07T04:15,2.420,1.964,2.300
2026-10-07T03:25,2026-10-07T04:25,2.420,1.915,2.300
2026-10-07T03:35,2026-10-07T04:35,2.390,1.825,2.230
2026-10-07T03:46,2026-10-07T04:46,2.390,2.090,2.459
2026-10-07T03:55,2026-10-07T04:55,2.380,2.051,2.429
2026-10-07T04:05,2026-10-07T05:05,2.340,2.176,2.545
2026-10-07T04:10,2026-10-07T05:10,2.310,2.148,2.517
2026-10-07T04:20,2026-10-07T05:20,2.280,2.095,2.464
2026-10-07T04:30,2026-10-07T05:30,2.290,2.108,2.478
2026-10-07T04:40,2026-10-07T05:40,2.230,2.011,2.389
2026-10-07T04:44,2026-10-07T05:44,2.220,2.007,2.385
2026-10-07T04:55,2026-10-07T05:55,2.190,1.934,2.312
2026-10-07T05:05,2026-10-07T06:05,2.200,2.059,2.437
2026-10-07T05:15,2026-10-07T06:15,2.180,2.034,2.412
2026-10-07T05:25,2026-10-07T06:25,2.170,2.028,2.406
2026-10-07T05:35,2026-10-07T06:35,2.210,2.082,2.460
2026-10-07T05:45,2026-10-07T06:45,2.130,1.945,2.314
2026-10-07T05:55,2026-10-07T06:55,2.140,1.984,2.353
2026-10-07T06:05,2026-10-07T07:05,2.120,2.026,2.395
2026-10-07T06:15,2026-10-07T07:15,2.100,1.994,2.363
2026-10-07T06:25,2026-10-07T07:25,2.070,1.942,2.311
2026-10-07T06:35,2026-10-07T07:35,2.050,1.887,2.256
2026-10-07T06:45,2026-10-07T07:45,2.050,1.919,2.288
2026-10-07T06:55,2026-10-07T07:55,2.000,1.823,2.192
2026-10-07T07:05,2026-10-07T08:05,2.020,1.932,2.301
2026-10-07T07:15,2026-10-07T08:15,1.990,1.881,2.232
2026-10-07T07:25,2026-10-07T08:25,2.000,1.905,2.256
2026-10-07T07:35,2026-10-07T08:35,2.010,1.925,2.276
2026-10-07T08:27,2026-10-07T09:27,1.890,1.792,2.143
2026-10-07T08:35,2026-10-07T09:35,1.890,1.774,2.125
2026-10-07T08:45,2026-10-07T09:45,1.880,1.767,2.118
2026-10-07T08:55,2026-10-07T09:55,1.880,1.774,2.125
2026-10-07T09:05,2026-10-07T10:05,1.860,1.805,2.156
2026-10-07T09:15,2026-10-07T10:15,1.850,1.787,2.138
2026-10-07T09:25,2026-10-07T10:25,1.820,1.734,2.085
2026-10-07T09:35,2026-10-07T10:35,1.820,1.736,2.086
2026-10-07T09:45,2026-10-07T10:45,1.810,1.723,2.073
2026-10-07T09:56,2026-10-07T10:56,1.800,1.672,2.022
2026-10-07T10:05,2026-10-07T11:05,1.770,1.678,2.028
2026-10-07T10:07,2026-10-07T11:07,1.770,1.676,2.026
2026-10-07T10:15,2026-10-07T11:15,1.750,1.645,1.995
2026-10-07T10:25,2026-10-07T11:25,1.760,1.669,2.019
2026-10-07T10:35,2026-10-07T11:35,1.750,1.647,1.997
2026-10-07T10:45,2026-10-07T11:45,1.730,1.624,1.974
2026-10-07T10:56,2026-10-07T11:56,1.710,1.580,1.930
2026-10-07T11:05,2026-10-07T12:05,1.700,1.620,1.970
2026-10-07T11:16,2026-10-07T12:16,1.710,1.641,1.986
2026-10-07T11:26,2026-10-07T12:26,1.670,1.572,1.917
2026-10-07T11:30,2026-10-07T12:30,1.690,1.618,1.962
2026-10-07T11:40,2026-10-07T12:40,1.660,1.564,1.909
2026-10-07T11:46,2026-10-07T12:46,1.650,1.540,1.885
2026-10-07T11:55,2026-10-07T12:55,1.650,1.534,1.879
2026-10-07T12:21,2026-10-07T13:21,1.630,1.556,1.901
2026-10-07T12:28,2026-10-07T13:28,1.670,1.624,1.969
2026-10-07T12:30,2026-10-07T13:30,1.640,1.559,1.904
2026-10-07T12:50,2026-10-07T13:50,1.620,1.529,1.865
2026-10-07T13:01,2026-10-07T14:01,1.570,1.494,1.830
2026-10-07T13:07,2026-10-07T14:07,1.590,1.534,1.870
2026-10-07T13:17,2026-10-07T14:17,1.600,1.537,1.873
2026-10-07T13:26,2026-10-07T14:26,1.580,1.506,1.842
2026-10-07T13:42,2026-10-07T14:42,1.580,1.514,1.850
2026-10-07T13:45,2026-10-07T14:45,1.560,1.476,1.812
2026-10-07T13:50,2026-10-07T14:50,1.540,1.441,1.777
2026-10-07T14:06,2026-10-07T15:06,1.530,1.465,1.801
2026-10-07T14:15,2026-10-07T15:15,1.530,1.462,1.797
2026-10-07T14:26,2026-10-07T15:26,1.530,1.462,1.797
2026-10-07T14:46,2026-10-07T15:46,1.520,1.451,1.786
2026-10-07T14:48,2026-10-07T15:48,1.480,1.393,1.728
2026-10-07T15:05,2026-10-07T16:05,1.480,1.424,1.759
2026-10-07T15:15,2026-10-07T16:15,1.470,1.403,1.738
2026-10-07T15:25,2026-10-07T16:25,1.480,1.429,1.764
2026-10-07T15:35,2026-10-07T16:35,1.490,1.440,1.775
2026-10-07T15:45,2026-10-07T16:45,1.460,1.391,1.726
2026-10-07T15:55,2026-10-07T16:55,1.460,1.404,1.739
2026-10-07T16:06,2026-10-07T17:06,1.440,1.401,1.736
2026-10-07T16:15,2026-10-07T17:15,1.430,1.389,1.693
2026-10-07T16:25,2026-10-07T17:25,1.420,1.369,1.673
2026-10-07T16:35,2026-10-07T17:35,1.430,1.381,1.685
2026-10-07T16:45,2026-10-07T17:45,1.430,1.391,1.695
2026-10-07T16:55,2026-10-07T17:55,1.440,1.408,1.712
2026-10-07T17:05,2026-10-07T18:05,1.380,1.339,1.643
2026-10-07T17:13,2026-10-07T18:13,1.390,1.349,1.653
2026-10-07T17:26,2026-10-07T18:26,1.410,1.386,1.690
2026-10-07T17:34,2026-10-07T18:34,1.400,1.363,1.667
2026-10-07T17:45,2026-10-07T18:45,1.390,1.347,1.651
2026-10-07T17:56,2026-10-07T18:56,1.360,1.306,1.581
2026-10-07T18:05,2026-10-07T19:05,1.350,1.317,1.592
2026-10-07T18:15,2026-10-07T19:15,1.360,1.328,1.603
2026-10-07T18:25,2026-10-07T19:25,1.370,1.342,1.617
2026-10-07T19:58,2026-10-07T20:58,1.310,1.274,1.549
2026-10-07T21:15,2026-10-07T22:15,1.250,1.221,1.495
2026-10-08T02:42,2026-10-08T03:42,1.090,1.063,1.337
2026-10-08T03:17,2026-10-08T04:17,1.060,1.028,1.302
2026-10-08T08:32,2026-10-08T09:32,0.950,0.926,1.200
2026-10-08T08:40,2026-10-08T09:40,0.950,0.928,1.202
2026-10-08T08:51,2026-10-08T09:51,0.930,0.911,1.185
2026-10-08T09:00,2026-10-08T10:00,0.920,0.898,1.172
2026-10-08T09:11,2026-10-08T10:11,0.940,0.923,1.197
2026-10-08T09:20,2026-10-08T10:20,0.930,0.910,1.184
2026-10-08T09:30,2026-10-08T10:30,0.930,0.912,1.186
2026-10-08T09:40,2026-10-08T10:40,0.940,0.926,1.200
2026-10-08T09:50,2026-10-08T10:50,0.930,0.912,1.186
2026-10-08T10:00,2026-10-08T11:00,0.940,0.935,1.210
2026-10-08T10:10,2026-10-08T11:10,0.930,0.918,1.192
2026-10-08T10:14,2026-10-08T11:14,0.930,0.918,1.192
2026-10-08T10:25,2026-10-08T11:25,0.930,0.918,1.192
2026-10-08T10:35,2026-10-08T11:35,0.920,0.913,1.183
2026-10-08T10:42,2026-10-08T11:42,0.910,0.893,1.163
2026-10-08T10:51,2026-10-08T11:51,0.910,0.892,1.162
2026-10-08T11:00,2026-10-08T12:00,0.900,0.889,1.159
2026-10-08T11:10,2026-10-08T12:10,0.910,0.897,1.167
2026-10-08T11:16,2026-10-08T12:16,0.900,0.885,1.155
2026-10-08T11:26,2026-10-08T12:26,0.910,0.899,1.169
2026-10-08T11:35,2026-10-08T12:35,0.880,0.859,1.129
2026-10-08T11:45,2026-10-08T12:45,0.900,0.882,1.152
2026-10-08T11:55,2026-10-08T12:55,0.890,0.869,1.139
2026-10-08T12:00,2026-10-08T13:00,0.890,0.879,1.125
2026-10-08T12:06,2026-10-08T13:06,0.900,0.892,1.138
2026-10-08T12:15,2026-10-08T13:15,0.870,0.849,1.095
2026-10-08T12:25,2026-10-08T13:25,0.880,0.862,1.108
2026-10-08T12:35,2026-10-08T13:35,0.880,0.871,1.117
2026-10-08T12:40,2026-10-08T13:40,0.880,0.861,1.107
2026-10-08T12:45,2026-10-08T13:45,0.890,0.878,1.124
2026-10-08T12:55,2026-10-08T13:55,0.880,0.866,1.112
2026-10-08T13:06,2026-10-08T14:06,0.860,0.841,1.087
2026-10-08T13:15,2026-10-08T14:15,0.880,0.876,1.122
2026-10-08T13:26,2026-10-08T14:26,0.880,0.874,1.094
2026-10-08T13:30,2026-10-08T14:30,0.870,0.863,1.083
2026-10-08T13:40,2026-10-08T14:40,0.870,0.857,1.077
2026-10-08T13:50,2026-10-08T14:50,0.860,0.843,1.063
2026-10-08T14:00,2026-10-08T15:00,0.840,0.824,1.044
2026-10-08T14:10,2026-10-08T15:10,0.850,0.836,1.056
2026-10-08T14:15,2026-10-08T15:15,0.840,0.826,1.046
2026-10-08T14:25,2026-10-08T15:25,0.840,0.824,1.044
2026-10-08T14:35,2026-10-08T15:35,0.850,0.837,1.057
2026-10-08T14:45,2026-10-08T15:45,0.850,0.836,1.056
2026-10-08T14:57,2026-10-08T15:57,0.840,0.823,1.040
2026-10-08T15:05,2026-10-08T16:05,0.840,0.830,1.047
2026-10-08T15:16,2026-10-08T16:16,0.830,0.817,1.034
2026-10-08T15:25,2026-10-08T16:25,0.840,0.834,1.051
2026-10-08T15:36,2026-10-08T16:36,0.830,0.813,1.030
2026-10-08T15:45,2026-10-08T16:45,0.830,0.817,1.034
2026-10-08T15:55,2026-10-08T16:55,0.830,0.819,1.036
2026-10-08T16:05,2026-10-08T17:05,0.820,0.811,1.028
2026-10-08T16:15,2026-10-08T17:15,0.810,0.796,1.013
2026-10-08T16:25,2026-10-08T17:25,0.820,0.809,1.022
2026-10-08T16:30,2026-10-08T17:30,0.820,0.808,1.021
2026-10-08T16:40,2026-10-08T17:40,0.830,0.822,1.035
2026-10-08T16:50,2026-10-08T17:50,0.810,0.795,1.008
2026-10-08T17:01,2026-10-08T18:01,0.820,0.816,1.029
2026-10-08T17:10,2026-10-08T18:10,0.820,0.817,1.030
2026-10-08T17:20,2026-10-08T18:20,0.810,0.805,1.018
2026-10-08T17:25,2026-10-08T18:25,0.800,0.784,0.997
2026-10-08T17:35,2026-10-08T18:35,0.790,0.771,0.984
2026-10-08T17:45,2026-10-08T18:45,0.800,0.784,0.997
2026-10-08T17:55,2026-10-08T18:55,0.810,0.801,1.014
2026-10-08T18:05,2026-10-08T19:05,0.800,0.817,1.024
2026-10-08T18:15,2026-10-08T19:15,0.790,0.811,1.018
2026-10-08T18:25,2026-10-08T19:25,0.790,0.820,1.027
2026-10-08T18:35,2026-10-08T19:35,0.800,0.841,1.048
2026-10-08T18:45,2026-10-08T19:45,0.790,0.833,1.040
2026-10-08T18:55,2026-10-08T19:55,0.780,0.824,1.031
2026-10-08T19:05,2026-10-08T20:05,0.780,0.778,0.985
2026-10-08T19:15,2026-10-08T20:15,0.780,0.780,0.987
2026-10-08T19:25,2026-10-08T20:25,0.780,0.778,0.985
2026-10-08T19:35,2026-10-08T20:35,0.780,0.781,0.972
2026-10-08T19:45,2026-10-08T20:45,0.780,0.778,0.968
2026-10-08T19:55,2026-10-08T20:55,0.760,0.747,0.938
2026-10-08T20:05,2026-10-08T21:05,0.750,0.734,0.925
2026-10-08T20:12,2026-10-08T21:12,0.760,0.747,0.938
2026-10-08T20:20,2026-10-08T21:20,0.760,0.753,0.944
2026-10-08T20:30,2026-10-08T21:30,0.770,0.768,0.958
2026-10-08T20:40,2026-10-08T21:40,0.770,0.772,0.963
2026-10-08T20:50,2026-10-08T21:50,0.770,0.772,0.963
2026-10-08T20:56,2026-10-08T21:56,0.770,0.768,0.959
2026-10-09T02:14,2026-10-09T03:14,0.710,0.695,0.874
2026-10-09T02:46,2026-10-09T03:46,0.710,0.695,0.874
2026-10-09T08:45,2026-10-09T09:45,0.660,0.649,0.829
2026-10-09T08:55,2026-10-09T09:55,0.670,0.661,0.840
2026-10-09T08:57,2026-10-09T09:57,0.670,0.666,0.845
2026-10-09T09:05,2026-10-09T10:05,0.660,0.657,0.836
2026-10-09T09:15,2026-10-09T10:15,0.660,0.652,0.831
2026-10-09T09:25,2026-10-09T10:25,0.670,0.669,0.848
2026-10-09T09:35,2026-10-09T10:35,0.670,0.669,0.848
2026-10-09T09:45,2026-10-09T10:45,0.640,0.625,0.804
2026-10-09T09:50,2026-10-09T10:50,0.660,0.653,0.832
2026-10-09T10:00,2026-10-09T11:00,0.650,0.644,0.820
2026-10-09T10:05,2026-10-09T11:05,0.650,0.644,0.820
2026-10-09T10:15,2026-10-09T11:15,0.660,0.658,0.834
2026-10-09T10:20,2026-10-09T11:20,0.630,0.615,0.791
2026-10-09T10:30,2026-10-09T11:30,0.660,0.659,0.835
2026-10-09T10:40,2026-10-09T11:40,0.640,0.631,0.807
2026-10-09T10:50,2026-10-09T11:50,0.640,0.630,0.806
2026-10-09T11:00,2026-10-09T12:00,0.650,0.647,0.823
2026-10-09T11:05,2026-10-09T12:05,0.650,0.648,0.824
2026-10-09T11:15,2026-10-09T12:15,0.630,0.618,0.794
2026-10-09T11:25,2026-10-09T12:25,0.630,0.620,0.790
2026-10-09T11:36,2026-10-09T12:36,0.640,0.636,0.806
2026-10-09T11:45,2026-10-09T12:45,0.650,0.655,0.825
2026-10-09T11:55,2026-10-09T12:55,0.640,0.638,0.808
2026-10-09T12:05,2026-10-09T13:05,0.630,0.623,0.793
2026-10-09T12:15,2026-10-09T13:15,0.640,0.639,0.809
2026-10-09T12:25,2026-10-09T13:25,0.630,0.628,0.798
2026-10-09T12:35,2026-10-09T13:35,0.620,0.607,0.777
2026-10-09T12:45,2026-10-09T13:45,0.630,0.625,0.794
2026-10-09T12:55,2026-10-09T13:55,0.620,0.612,0.772
2026-10-09T13:05,2026-10-09T14:05,0.630,0.629,0.789
2026-10-09T13:15,2026-10-09T14:15,0.610,0.602,0.762
2026-10-09T13:25,2026-10-09T14:25,0.620,0.615,0.775
2026-10-09T13:35,2026-10-09T14:35,0.620,0.616,0.776
2026-10-09T13:45,2026-10-09T14:45,0.640,0.639,0.800
2026-10-09T13:55,2026-10-09T14:55,0.630,0.629,0.789
2026-10-09T14:05,2026-10-09T15:05,0.620,0.620,0.780
2026-10-09T14:15,2026-10-09T15:15,0.620,0.620,0.780
2026-10-09T14:25,2026-10-09T15:25,0.630,0.635,0.795
2026-10-09T14:35,2026-10-09T15:35,0.630,0.635,0.795
2026-10-09T14:47,2026-10-09T15:47,0.630,0.640,0.800
2026-10-09T14:55,2026-10-09T15:55,0.610,0.604,0.764
2026-10-09T15:05,2026-10-09T16:05,0.620,0.620,0.780
2026-10-09T15:14,2026-10-09T16:14,0.600,0.597,0.757
2026-10-09T15:25,2026-10-09T16:25,0.610,0.612,0.771
2026-10-09T15:35,2026-10-09T16:35,0.600,0.601,0.761
2026-10-09T15:45,2026-10-09T16:45,0.620,0.617,0.777
2026-10-09T15:55,2026-10-09T16:55,0.620,0.628,0.788
2026-10-09T16:05,2026-10-09T17:05,0.620,0.633,0.793
2026-10-09T16:15,2026-10-09T17:15,0.600,0.608,0.761
2026-10-09T16:25,2026-10-09T17:25,0.610,0.609,0.762
2026-10-09T16:35,2026-10-09T17:35,0.600,0.599,0.752
2026-10-09T16:45,2026-10-09T17:45,0.610,0.611,0.764
2026-10-09T16:55,2026-10-09T17:55,0.590,0.583,0.736
2026-10-09T17:05,2026-10-09T18:05,0.610,0.607,0.760
2026-10-09T17:15,2026-10-09T18:15,0.600,0.599,0.752
2026-10-09T17:25,2026-10-09T18:25,0.610,0.614,0.767
2026-10-09T17:35,2026-10-09T18:35,0.620,0.627,0.780
2026-10-09T17:45,2026-10-09T18:45,0.600,0.595,0.748
2026-10-09T17:55,2026-10-09T18:55,0.590,0.585,0.734
2026-10-09T18:05,2026-10-09T19:05,0.580,0.570,0.719
2026-10-09T18:15,2026-10-09T19:15,0.600,0.599,0.748
2026-10-09T18:25,2026-10-09T19:25,0.590,0.589,0.738
2026-10-09T18:35,2026-10-09T19:35,0.580,0.582,0.731
2026-10-09T18:45,2026-10-09T19:45,0.590,0.595,0.744
2026-10-09T18:55,2026-10-09T19:55,0.590,0.596,0.745
2026-10-09T19:06,2026-10-09T20:06,0.580,0.577,0.726
2026-10-09T19:15,2026-10-09T20:15,0.590,0.588,0.737
2026-10-09T19:25,2026-10-09T20:25,0.590,0.588,0.737
2026-10-09T19:31,2026-10-09T20:31,0.580,0.572,0.721
2026-10-09T19:40,2026-10-09T20:40,0.570,0.557,0.706
2026-10-09T19:44,2026-10-09T20:44,0.590,0.587,0.736
2026-10-09T22:57,2026-10-09T23:57,0.570,0.565,0.709
2026-10-10T02:29,2026-10-10T03:29,0.570,0.570,0.650
2026-10-10T05:14,2026-10-10T06:14,0.530,0.523,0.573
2026-10-10T09:17,2026-10-10T10:17,0.530,0.528,0.578
2026-10-10T11:31,2026-10-10T12:31,0.490,0.473,0.523
2026-10-10T15:49,2026-10-10T16:49,0.500,0.507,0.557
2026-10-10T18:29,2026-10-10T19:29,0.480,0.473,0.523
2026-10-10T19:02,2026-10-10T20:02,0.480,0.479,0.529
