hora,rainviewer_mm_h,pluviometros_mm_h
2026-10-06T21:00,0.56,3.53
2026-10-06T22:00,0.39,2.47
2026-10-06T23:00,0.30,1.06
2026-10-07T00:00,0.03,0.14
2026-10-07T01:00,0.00,0.07
2026-10-07T02:00,0.00,0.26
2026-10-07T03:00,0.00,0.06
2026-10-07T04:00,0.00,0.00
2026-10-07T05:00,0.00,0.07
2026-10-07T06:00,0.00,0.00
2026-10-07T07:00,0.00,0.00
2026-10-07T08:00,0.00,0.00
2026-10-07T09:00,0.00,0.00
2026-10-07T10:00,0.00,0.00
2026-10-07T11:00,0.00,0.00
2026-10-07T12:00,0.00,0.00
2026-10-07T13:00,0.00,0.00
2026-10-07T14:00,0.00,0.00
2026-10-07T15:00,0.00,0.00
2026-10-07T16:00,0.00,0.00
2026-10-07T17:00,0.00,0.00
2026-10-07T18:00,0.00,0.00
2026-10-07T19:00,0.00,0.00
2026-10-07T20:00,0.00,0.00
2026-10-08T01:00,0.00,0.00
2026-10-08T02:00,0.00,0.00
2026-10-08T07:00,0.00,0.00
2026-10-08T08:00,0.00,0.00
2026-10-08T09:00,0.00,0.00
2026-10-08T10:00,0.00,0.00
2026-10-08T11:00,0.00,0.00
2026-10-08T12:00,0.00,0.00
2026-10-08T13:00,0.00,0.00
2026-10-08T14:00,0.00,0.00
2026-10-08T15:00,0.00,0.00
2026-10-08T16:00,0.00,0.00
2026-10-08T17:00,0.00,0.00
2026-10-08T18:00,1.30,0.18
2026-10-08T19:00,0.35,0.07
2026-10-08T20:00,0.15,
2026-10-09T00:00,0.00,0.00
2026-10-09T01:00,0.00,0.00
2026-10-09T02:00,0.00,
2026-10-09T07:00,0.00,0.00
2026-10-09T08:00,0.00,0.00
2026-10-09T09:00,0.00,0.00
2026-10-09T10:00,0.00,0.00
2026-10-09T11:00,0.00,0.00
2026-10-09T12:00,0.00,0.00
2026-10-09T13:00,0.00,0.00
2026-10-09T14:00,0.02,0.00
2026-10-09T15:00,0.00,0.00
2026-10-09T16:00,0.07,0.00
2026-10-09T17:00,0.05,0.00
2026-10-09T18:00,0.10,0.13
2026-10-09T19:00,0.08,0.20
2026-10-09T21:00,0.00,0.00
2026-10-09T22:00,0.00,
2026-10-10T01:00,0.00,0.00
2026-10-10T02:00,0.00,
2026-10-10T03:00,0.00,0.00
2026-10-10T04:00,0.00,0.00
2026-10-10T07:00,0.00,0.00
2026-10-10T08:00,0.00,0.00
2026-10-10T10:00,0.00,0.00
2026-10-10T11:00,0.00,
2026-10-10T14:00,0.00,0.25
2026-10-10T15:00,0.10,1.00
2026-10-10T17:00,0.19,0.47
2026-10-10T18:00,0.00,0.00
